student_id,name
101,Olivia Smith
102,Bob Davis
103,Paula Miller
104,Ian Smith
105,Ron Moore
106,Fiona Novak
107,Brian Johnson
108,Bob Smith
109,Nina Miller
110,Grace Novak
111,Bob Moore
112,Mike Moore
113,Abby Miller
114,Cathy Novak
115,Rachel Johnson
116,Will Brown
117,Sophie Hall
118,Victor Davis
119,Julia Miller
120,Will Green
121,George Smith
122,Yara Smith
123,Wendy Green
124,Mona Davis
125,Charlie Lee
126,Isla Smith
127,Yara Smith
128,Jack Davis
129,Olivia Novak
130,Xander Novak
131,Mike Smith
132,Charlie Miller
133,Zoe Davis
134,Fiona Miller
135,George Hall
136,Rachel Lee
137,Olivia Green
138,Kevin Green
139,Wendy Miller
140,Queenie Davis
141,Sophie Smith
142,Mona Brown
143,Isla Miller
144,Kevin Lee
145,Yara Davis
146,Olivia Moore
147,Oscar Green
148,Zoe Johnson
149,Oscar Johnson
150,Uma Hall
